id,job_number,dash_number,tank_diameter,tank_height,tank_type,created_at
3,22224,03,120,20,RO,2025-09-04 17:43:42
6,,04,48,3,CMF,2025-09-04 18:18:15
7,,04,48,3,CMF,2025-09-04 18:25:54
8,,04,144,19,CW,2025-09-04 18:36:00
9,,,48,3,CMF,2025-09-04 18:39:54
10,,04,48,3,CMF,2025-09-04 18:40:19
11,,,48,3,CMF,2025-09-04 18:40:28
12,,04,48,3,CMF,2025-09-04 18:40:39
13,,,48,3,CMF,2025-09-04 18:43:39
16,35151,03,48,3,CMF,2025-09-04 19:00:35
33,35285,01,48,3,CMF,2025-09-08 14:28:21
34,35285,01,48,3,CMF,2025-09-08 14:40:05
35,35285,01,48,3,CMF,2025-09-08 14:40:07
36,35285,01,48,3,CMF,2025-09-08 14:45:04
37,35285,01,48,3,CMF,2025-09-08 14:45:16
38,35285,01,48,3,CMF,2025-09-08 15:54:44
39,,04,90,6,HW,2025-09-09 13:28:01
64,35285,01,48,3,CMF,2025-09-09 14:20:23
67,35285,01,48,3,CMF,2025-09-09 14:30:18
70,35285,01,48,3,CMF,2025-09-09 14:35:55
72,35354,01,48,3,CMF,2025-09-09 15:09:39
73,35354,01,48,3,CMF,2025-09-09 15:10:00
74,35389,01,48,3,CMF,2025-09-09 15:13:46
75,35279,01,48,3,CMF,2025-09-09 15:16:59
76,35279,01,48,3,CMF,2025-09-09 15:17:06
83,34092,03,90,6,HW,2025-09-09 17:53:57
84,35389,01,48,3,CMF,2025-09-10 13:34:03
85,35389,01,48,3,CMF,2025-09-10 13:43:34
86,35389,01,48,3,CMF,2025-09-10 13:43:46
87,35389,01,48,3,CMF,2025-09-10 13:43:56
